customer_id,store_id,first_name,last_name,email,address_id,activebool,create_date,last_update,active,initials
146,1,JAMIE,RICE,JAMIE.RICE@sakilacustomer.org,150,True,2020-02-14,2025-04-06 13:10:18.372650+00:00,1,J.R.
10,1,DOROTHY,TAYLOR,DOROTHY.TAYLOR@sakilacustomer.org,14,True,2020-02-14,2025-04-06 13:10:18.372650+00:00,1,D.T.
376,1,RANDY,GAITHER,RANDY.GAITHER@sakilacustomer.org,381,True,2020-02-14,2025-04-06 13:10:18.372650+00:00,1,R.G.
523,1,HARVEY,GUAJARDO,HARVEY.GUAJARDO@sakilacustomer.org,529,True,2020-02-14,2025-04-06 13:10:18.372650+00:00,1,H.G.
189,1,LORETTA,CARPENTER,LORETTA.CARPENTER@sakilacustomer.org,193,True,2020-02-14,2025-04-06 13:10:18.372650+00:00,1,L.C.
132,2,ESTHER,CRAWFORD,ESTHER.CRAWFORD@sakilacustomer.org,136,True,2020-02-14,2025-04-06 13:10:18.372650+00:00,1,E.C.
560,1,JORDAN,ARCHULETA,JORDAN.ARCHULETA@sakilacustomer.org,566,True,2020-02-14,2025-04-06 13:10:18.372650+00:00,1,J.A.
299,2,JAMES,GANNON,JAMES.GANNON@sakilacustomer.org,304,True,2020-02-14,2025-04-06 13:10:18.372650+00:00,1,J.G.
586,1,KIRK,STCLAIR,KIRK.STCLAIR@sakilacustomer.org,592,True,2020-02-14,2025-04-06 13:10:18.372650+00:00,1,K.S.
447,1,CLIFFORD,BOWENS,CLIFFORD.BOWENS@sakilacustomer.org,452,True,2020-02-14,2025-04-06 13:10:18.372650+00:00,1,C.B.
85,2,ANNE,POWELL,ANNE.POWELL@sakilacustomer.org,89,True,2020-02-14,2025-04-06 13:10:18.372650+00:00,1,A.P.
592,1,TERRANCE,ROUSH,TERRANCE.ROUSH@sakilacustomer.org,598,True,2020-02-14,2025-04-06 13:10:18.372650+00:00,0,T.R.
178,2,MARION,SNYDER,MARION.SNYDER@sakilacustomer.org,182,True,2020-02-14,2025-04-06 13:10:18.372650+00:00,1,M.S.
154,2,MICHELE,GRANT,MICHELE.GRANT@sakilacustomer.org,158,True,2020-02-14,2025-04-06 13:10:18.372650+00:00,1,M.G.
453,1,CALVIN,MARTEL,CALVIN.MARTEL@sakilacustomer.org,458,True,2020-02-14,2025-04-06 13:10:18.372650+00:00,1,C.M.
197,2,SUE,PETERS,SUE.PETERS@sakilacustomer.org,201,True,2020-02-14,2025-04-06 13:10:18.372650+00:00,1,S.P.
76,2,IRENE,PRICE,IRENE.PRICE@sakilacustomer.org,80,True,2020-02-14,2025-04-06 13:10:18.372650+00:00,1,I.P.
93,1,PHYLLIS,FOSTER,PHYLLIS.FOSTER@sakilacustomer.org,97,True,2020-02-14,2025-04-06 13:10:18.372650+00:00,1,P.F.
297,1,SHERRI,RHODES,SHERRI.RHODES@sakilacustomer.org,302,True,2020-02-14,2025-04-06 13:10:18.372650+00:00,1,S.R.
69,2,JUDY,GRAY,JUDY.GRAY@sakilacustomer.org,73,True,2020-02-14,2025-04-06 13:10:18.372650+00:00,1,J.G.
16,2,SANDRA,MARTIN,SANDRA.MARTIN@sakilacustomer.org,20,True,2020-02-14,2025-04-06 13:10:18.372650+00:00,0,S.M.
205,2,EILEEN,CARR,EILEEN.CARR@sakilacustomer.org,209,True,2020-02-14,2025-04-06 13:10:18.372650+00:00,1,E.C.
159,1,JILL,HAWKINS,JILL.HAWKINS@sakilacustomer.org,163,True,2020-02-14,2025-04-06 13:10:18.372650+00:00,1,J.H.
89,1,JULIA,FLORES,JULIA.FLORES@sakilacustomer.org,93,True,2020-02-14,2025-04-06 13:10:18.372650+00:00,1,J.F.
498,1,GENE,SANBORN,GENE.SANBORN@sakilacustomer.org,503,True,2020-02-14,2025-04-06 13:10:18.372650+00:00,1,G.S.
118,1,KIM,CRUZ,KIM.CRUZ@sakilacustomer.org,122,True,2020-02-14,2025-04-06 13:10:18.372650+00:00,1,K.C.
383,1,MARTIN,BALES,MARTIN.BALES@sakilacustomer.org,388,True,2020-02-14,2025-04-06 13:10:18.372650+00:00,1,M.B.
406,1,NATHAN,RUNYON,NATHAN.RUNYON@sakilacustomer.org,411,True,2020-02-14,2025-04-06 13:10:18.372650+00:00,0,N.R.
34,2,REBECCA,SCOTT,REBECCA.SCOTT@sakilacustomer.org,38,True,2020-02-14,2025-04-06 13:10:18.372650+00:00,1,R.S.
1,1,MARY,SMITH,MARY.SMITH@sakilacustomer.org,5,True,2020-02-14,2025-04-06 13:10:18.372650+00:00,1,M.S.
593,2,RENE,MCALISTER,RENE.MCALISTER@sakilacustomer.org,599,True,2020-02-14,2025-04-06 13:10:18.372650+00:00,1,R.M.
531,2,JAMIE,WAUGH,JAMIE.WAUGH@sakilacustomer.org,537,True,2020-02-14,2025-04-06 13:10:18.372650+00:00,1,J.W.
354,2,JUSTIN,NGO,JUSTIN.NGO@sakilacustomer.org,359,True,2020-02-14,2025-04-06 13:10:18.372650+00:00,1,J.N.
333,2,ANDREW,PURDY,ANDREW.PURDY@sakilacustomer.org,338,True,2020-02-14,2025-04-06 13:10:18.372650+00:00,1,A.P.
534,1,CHRISTIAN,JUNG,CHRISTIAN.JUNG@sakilacustomer.org,540,True,2020-02-14,2025-04-06 13:10:18.372650+00:00,0,C.J.
245,1,COURTNEY,DAY,COURTNEY.DAY@sakilacustomer.org,249,True,2020-02-14,2025-04-06 13:10:18.372650+00:00,1,C.D.
23,2,SARAH,LEWIS,SARAH.LEWIS@sakilacustomer.org,27,True,2020-02-14,2025-04-06 13:10:18.372650+00:00,1,S.L.
441,1,MARIO,CHEATHAM,MARIO.CHEATHAM@sakilacustomer.org,446,True,2020-02-14,2025-04-06 13:10:18.372650+00:00,1,M.C.
117,1,EDITH,MCDONALD,EDITH.MCDONALD@sakilacustomer.org,121,True,2020-02-14,2025-04-06 13:10:18.372650+00:00,1,E.M.
90,2,RUBY,WASHINGTON,RUBY.WASHINGTON@sakilacustomer.org,94,True,2020-02-14,2025-04-06 13:10:18.372650+00:00,1,R.W.
366,1,BRANDON,HUEY,BRANDON.HUEY@sakilacustomer.org,371,True,2020-02-14,2025-04-06 13:10:18.372650+00:00,1,B.H.
212,2,WILMA,RICHARDS,WILMA.RICHARDS@sakilacustomer.org,216,True,2020-02-14,2025-04-06 13:10:18.372650+00:00,1,W.R.
19,1,RUTH,MARTINEZ,RUTH.MARTINEZ@sakilacustomer.org,23,True,2020-02-14,2025-04-06 13:10:18.372650+00:00,1,R.M.
408,1,MANUEL,MURRELL,MANUEL.MURRELL@sakilacustomer.org,413,True,2020-02-14,2025-04-06 13:10:18.372650+00:00,1,M.M.
321,1,KEVIN,SCHULER,KEVIN.SCHULER@sakilacustomer.org,326,True,2020-02-14,2025-04-06 13:10:18.372650+00:00,1,K.S.
145,1,LUCILLE,HOLMES,LUCILLE.HOLMES@sakilacustomer.org,149,True,2020-02-14,2025-04-06 13:10:18.372650+00:00,1,L.H.
290,1,KRISTINA,CHAMBERS,KRISTINA.CHAMBERS@sakilacustomer.org,295,True,2020-02-14,2025-04-06 13:10:18.372650+00:00,1,K.C.
275,2,CAROLE,BARNETT,CAROLE.BARNETT@sakilacustomer.org,280,True,2020-02-14,2025-04-06 13:10:18.372650+00:00,1,C.B.
541,2,DARREN,WINDHAM,DARREN.WINDHAM@sakilacustomer.org,547,True,2020-02-14,2025-04-06 13:10:18.372650+00:00,1,D.W.
361,2,LAWRENCE,LAWTON,LAWRENCE.LAWTON@sakilacustomer.org,366,True,2020-02-14,2025-04-06 13:10:18.372650+00:00,1,L.L.
251,2,VICKIE,BREWER,VICKIE.BREWER@sakilacustomer.org,255,True,2020-02-14,2025-04-06 13:10:18.372650+00:00,1,V.B.
288,1,BOBBIE,CRAIG,BOBBIE.CRAIG@sakilacustomer.org,293,True,2020-02-14,2025-04-06 13:10:18.372650+00:00,1,B.C.
528,1,CLAUDE,HERZOG,CLAUDE.HERZOG@sakilacustomer.org,534,True,2020-02-14,2025-04-06 13:10:18.372650+00:00,1,C.H.
401,2,TONY,CARRANZA,TONY.CARRANZA@sakilacustomer.org,406,True,2020-02-14,2025-04-06 13:10:18.372650+00:00,1,T.C.
168,1,REGINA,BERRY,REGINA.BERRY@sakilacustomer.org,172,True,2020-02-14,2025-04-06 13:10:18.372650+00:00,1,R.B.
55,2,DORIS,REED,DORIS.REED@sakilacustomer.org,59,True,2020-02-14,2025-04-06 13:10:18.372650+00:00,1,D.R.
494,2,RAMON,CHOATE,RAMON.CHOATE@sakilacustomer.org,499,True,2020-02-14,2025-04-06 13:10:18.372650+00:00,1,R.C.
47,1,FRANCES,PARKER,FRANCES.PARKER@sakilacustomer.org,51,True,2020-02-14,2025-04-06 13:10:18.372650+00:00,1,F.P.
94,1,NORMA,GONZALES,NORMA.GONZALES@sakilacustomer.org,98,True,2020-02-14,2025-04-06 13:10:18.372650+00:00,1,N.G.
265,2,JENNIE,TERRY,JENNIE.TERRY@sakilacustomer.org,270,True,2020-02-14,2025-04-06 13:10:18.372650+00:00,1,J.T.
109,2,EDNA,WEST,EDNA.WEST@sakilacustomer.org,113,True,2020-02-14,2025-04-06 13:10:18.372650+00:00,1,E.W.
273,2,PRISCILLA,LOWE,PRISCILLA.LOWE@sakilacustomer.org,278,True,2020-02-14,2025-04-06 13:10:18.372650+00:00,1,P.L.
599,2,AUSTIN,CINTRON,AUSTIN.CINTRON@sakilacustomer.org,605,True,2020-02-14,2025-04-06 13:10:18.372650+00:00,1,A.C.
480,1,COREY,HAUSER,COREY.HAUSER@sakilacustomer.org,485,True,2020-02-14,2025-04-06 13:10:18.372650+00:00,1,C.H.
437,2,RANDALL,NEUMANN,RANDALL.NEUMANN@sakilacustomer.org,442,True,2020-02-14,2025-04-06 13:10:18.372650+00:00,1,R.N.
384,2,ERNEST,STEPP,ERNEST.STEPP@sakilacustomer.org,389,True,2020-02-14,2025-04-06 13:10:18.372650+00:00,1,E.S.
381,2,BOBBY,BOUDREAU,BOBBY.BOUDREAU@sakilacustomer.org,386,True,2020-02-14,2025-04-06 13:10:18.372650+00:00,1,B.B.
463,2,DARRELL,POWER,DARRELL.POWER@sakilacustomer.org,468,True,2020-02-14,2025-04-06 13:10:18.372650+00:00,1,D.P.
395,2,JOHNNY,TURPIN,JOHNNY.TURPIN@sakilacustomer.org,400,True,2020-02-14,2025-04-06 13:10:18.372650+00:00,1,J.T.
266,2,NORA,HERRERA,NORA.HERRERA@sakilacustomer.org,271,True,2020-02-14,2025-04-06 13:10:18.372650+00:00,1,N.H.
481,1,HERMAN,DEVORE,HERMAN.DEVORE@sakilacustomer.org,486,True,2020-02-14,2025-04-06 13:10:18.372650+00:00,1,H.D.
518,1,GABRIEL,HARDER,GABRIEL.HARDER@sakilacustomer.org,524,True,2020-02-14,2025-04-06 13:10:18.372650+00:00,1,G.H.
70,2,CHRISTINA,RAMIREZ,CHRISTINA.RAMIREZ@sakilacustomer.org,74,True,2020-02-14,2025-04-06 13:10:18.372650+00:00,1,C.R.
232,2,CONSTANCE,REID,CONSTANCE.REID@sakilacustomer.org,236,True,2020-02-14,2025-04-06 13:10:18.372650+00:00,1,C.R.
404,2,STANLEY,SCROGGINS,STANLEY.SCROGGINS@sakilacustomer.org,409,True,2020-02-14,2025-04-06 13:10:18.372650+00:00,1,S.S.
279,2,DIANNE,SHELTON,DIANNE.SHELTON@sakilacustomer.org,284,True,2020-02-14,2025-04-06 13:10:18.372650+00:00,1,D.S.
473,2,JORGE,OLIVARES,JORGE.OLIVARES@sakilacustomer.org,478,True,2020-02-14,2025-04-06 13:10:18.372650+00:00,1,J.O.
351,1,JACK,FOUST,JACK.FOUST@sakilacustomer.org,356,True,2020-02-14,2025-04-06 13:10:18.372650+00:00,1,J.F.
510,2,BEN,EASTER,BEN.EASTER@sakilacustomer.org,515,True,2020-02-14,2025-04-06 13:10:18.372650+00:00,0,B.E.
150,2,DANIELLE,DANIELS,DANIELLE.DANIELS@sakilacustomer.org,154,True,2020-02-14,2025-04-06 13:10:18.372650+00:00,1,D.D.
125,1,ETHEL,WEBB,ETHEL.WEBB@sakilacustomer.org,129,True,2020-02-14,2025-04-06 13:10:18.372650+00:00,1,E.W.
429,2,FREDERICK,ISBELL,FREDERICK.ISBELL@sakilacustomer.org,434,True,2020-02-14,2025-04-06 13:10:18.372650+00:00,1,F.I.
466,1,LEO,EBERT,LEO.EBERT@sakilacustomer.org,471,True,2020-02-14,2025-04-06 13:10:18.372650+00:00,1,L.E.
186,2,HOLLY,FOX,HOLLY.FOX@sakilacustomer.org,190,True,2020-02-14,2025-04-06 13:10:18.372650+00:00,1,H.F.
228,2,ALLISON,STANLEY,ALLISON.STANLEY@sakilacustomer.org,232,True,2020-02-14,2025-04-06 13:10:18.372650+00:00,1,A.S.
292,2,MISTY,LAMBERT,MISTY.LAMBERT@sakilacustomer.org,297,True,2020-02-14,2025-04-06 13:10:18.372650+00:00,1,M.L.
248,1,CAROLINE,BOWMAN,CAROLINE.BOWMAN@sakilacustomer.org,252,True,2020-02-14,2025-04-06 13:10:18.372650+00:00,1,C.B.
291,1,TONI,HOLT,TONI.HOLT@sakilacustomer.org,296,True,2020-02-14,2025-04-06 13:10:18.372650+00:00,1,T.H.
250,2,JO,FOWLER,JO.FOWLER@sakilacustomer.org,254,True,2020-02-14,2025-04-06 13:10:18.372650+00:00,1,J.F.
444,2,MARCUS,HIDALGO,MARCUS.HIDALGO@sakilacustomer.org,449,True,2020-02-14,2025-04-06 13:10:18.372650+00:00,1,M.H.
551,2,CLAYTON,BARBEE,CLAYTON.BARBEE@sakilacustomer.org,557,True,2020-02-14,2025-04-06 13:10:18.372650+00:00,1,C.B.
552,2,HUGH,WALDROP,HUGH.WALDROP@sakilacustomer.org,558,True,2020-02-14,2025-04-06 13:10:18.372650+00:00,1,H.W.
550,2,GUY,BROWNLEE,GUY.BROWNLEE@sakilacustomer.org,556,True,2020-02-14,2025-04-06 13:10:18.372650+00:00,1,G.B.
115,1,WENDY,HARRISON,WENDY.HARRISON@sakilacustomer.org,119,True,2020-02-14,2025-04-06 13:10:18.372650+00:00,1,W.H.
204,1,ROSEMARY,SCHMIDT,ROSEMARY.SCHMIDT@sakilacustomer.org,208,True,2020-02-14,2025-04-06 13:10:18.372650+00:00,1,R.S.
142,1,APRIL,BURNS,APRIL.BURNS@sakilacustomer.org,146,True,2020-02-14,2025-04-06 13:10:18.372650+00:00,1,A.B.
339,2,WALTER,PERRYMAN,WALTER.PERRYMAN@sakilacustomer.org,344,True,2020-02-14,2025-04-06 13:10:18.372650+00:00,1,W.P.
8,2,SUSAN,WILSON,SUSAN.WILSON@sakilacustomer.org,12,True,2020-02-14,2025-04-06 13:10:18.372650+00:00,1,S.W.
521,2,ROLAND,SOUTH,ROLAND.SOUTH@sakilacustomer.org,527,True,2020-02-14,2025-04-06 13:10:18.372650+00:00,1,R.S.
20,2,SHARON,ROBINSON,SHARON.ROBINSON@sakilacustomer.org,24,True,2020-02-14,2025-04-06 13:10:18.372650+00:00,1,S.R.
173,1,AUDREY,RAY,AUDREY.RAY@sakilacustomer.org,177,True,2020-02-14,2025-04-06 13:10:18.372650+00:00,1,A.R.
452,1,TOM,MILNER,TOM.MILNER@sakilacustomer.org,457,True,2020-02-14,2025-04-06 13:10:18.372650+00:00,1,T.M.
57,2,EVELYN,MORGAN,EVELYN.MORGAN@sakilacustomer.org,61,True,2020-02-14,2025-04-06 13:10:18.372650+00:00,1,E.M.
302,1,MICHAEL,SILVERMAN,MICHAEL.SILVERMAN@sakilacustomer.org,307,True,2020-02-14,2025-04-06 13:10:18.372650+00:00,1,M.S.
337,1,JERRY,JORDON,JERRY.JORDON@sakilacustomer.org,342,True,2020-02-14,2025-04-06 13:10:18.372650+00:00,1,J.J.
451,1,JIM,REA,JIM.REA@sakilacustomer.org,456,True,2020-02-14,2025-04-06 13:10:18.372650+00:00,1,J.R.
323,2,MATTHEW,MAHAN,MATTHEW.MAHAN@sakilacustomer.org,328,True,2020-02-14,2025-04-06 13:10:18.372650+00:00,1,M.M.
311,2,PAUL,TROUT,PAUL.TROUT@sakilacustomer.org,316,True,2020-02-14,2025-04-06 13:10:18.372650+00:00,1,P.T.
50,1,DIANE,COLLINS,DIANE.COLLINS@sakilacustomer.org,54,True,2020-02-14,2025-04-06 13:10:18.372650+00:00,1,D.C.
345,1,CARL,ARTIS,CARL.ARTIS@sakilacustomer.org,350,True,2020-02-14,2025-04-06 13:10:18.372650+00:00,1,C.A.
26,2,JESSICA,HALL,JESSICA.HALL@sakilacustomer.org,30,True,2020-02-14,2025-04-06 13:10:18.372650+00:00,1,J.H.
443,2,FRANCISCO,SKIDMORE,FRANCISCO.SKIDMORE@sakilacustomer.org,448,True,2020-02-14,2025-04-06 13:10:18.372650+00:00,1,F.S.
221,1,BESSIE,MORRISON,BESSIE.MORRISON@sakilacustomer.org,225,True,2020-02-14,2025-04-06 13:10:18.372650+00:00,1,B.M.
484,1,ROBERTO,VU,ROBERTO.VU@sakilacustomer.org,489,True,2020-02-14,2025-04-06 13:10:18.372650+00:00,1,R.V.
540,1,TYRONE,ASHER,TYRONE.ASHER@sakilacustomer.org,546,True,2020-02-14,2025-04-06 13:10:18.372650+00:00,1,T.A.
43,2,CHRISTINE,ROBERTS,CHRISTINE.ROBERTS@sakilacustomer.org,47,True,2020-02-14,2025-04-06 13:10:18.372650+00:00,1,C.R.
417,1,TRAVIS,ESTEP,TRAVIS.ESTEP@sakilacustomer.org,422,True,2020-02-14,2025-04-06 13:10:18.372650+00:00,1,T.E.
262,2,PATSY,DAVIDSON,PATSY.DAVIDSON@sakilacustomer.org,267,True,2020-02-14,2025-04-06 13:10:18.372650+00:00,1,P.D.
409,2,RODNEY,MOELLER,RODNEY.MOELLER@sakilacustomer.org,414,True,2020-02-14,2025-04-06 13:10:18.372650+00:00,1,R.M.
278,2,BILLIE,HORTON,BILLIE.HORTON@sakilacustomer.org,283,True,2020-02-14,2025-04-06 13:10:18.372650+00:00,1,B.H.
569,2,DAVE,GARDINER,DAVE.GARDINER@sakilacustomer.org,575,True,2020-02-14,2025-04-06 13:10:18.372650+00:00,1,D.G.
382,2,VICTOR,BARKLEY,VICTOR.BARKLEY@sakilacustomer.org,387,True,2020-02-14,2025-04-06 13:10:18.372650+00:00,1,V.B.
412,2,ALLEN,BUTTERFIELD,ALLEN.BUTTERFIELD@sakilacustomer.org,417,True,2020-02-14,2025-04-06 13:10:18.372650+00:00,1,A.B.
155,1,GAIL,KNIGHT,GAIL.KNIGHT@sakilacustomer.org,159,True,2020-02-14,2025-04-06 13:10:18.372650+00:00,1,G.K.
127,2,ELAINE,STEVENS,ELAINE.STEVENS@sakilacustomer.org,131,True,2020-02-14,2025-04-06 13:10:18.372650+00:00,1,E.S.
310,2,DANIEL,CABRAL,DANIEL.CABRAL@sakilacustomer.org,315,True,2020-02-14,2025-04-06 13:10:18.372650+00:00,1,D.C.
520,2,MITCHELL,WESTMORELAND,MITCHELL.WESTMORELAND@sakilacustomer.org,526,True,2020-02-14,2025-04-06 13:10:18.372650+00:00,1,M.W.
446,2,THEODORE,CULP,THEODORE.CULP@sakilacustomer.org,451,True,2020-02-14,2025-04-06 13:10:18.372650+00:00,0,T.C.
175,1,ANNETTE,OLSON,ANNETTE.OLSON@sakilacustomer.org,179,True,2020-02-14,2025-04-06 13:10:18.372650+00:00,1,A.O.
32,1,AMY,LOPEZ,AMY.LOPEZ@sakilacustomer.org,36,True,2020-02-14,2025-04-06 13:10:18.372650+00:00,1,A.L.
114,2,GRACE,ELLIS,GRACE.ELLIS@sakilacustomer.org,118,True,2020-02-14,2025-04-06 13:10:18.372650+00:00,1,G.E.
24,2,KIMBERLY,LEE,KIMBERLY.LEE@sakilacustomer.org,28,True,2020-02-14,2025-04-06 13:10:18.372650+00:00,1,K.L.
174,2,YVONNE,WATKINS,YVONNE.WATKINS@sakilacustomer.org,178,True,2020-02-14,2025-04-06 13:10:18.372650+00:00,1,Y.W.
557,1,FELIX,GAFFNEY,FELIX.GAFFNEY@sakilacustomer.org,563,True,2020-02-14,2025-04-06 13:10:18.372650+00:00,1,F.G.
67,1,KELLY,TORRES,KELLY.TORRES@sakilacustomer.org,71,True,2020-02-14,2025-04-06 13:10:18.372650+00:00,1,K.T.
58,1,JEAN,BELL,JEAN.BELL@sakilacustomer.org,62,True,2020-02-14,2025-04-06 13:10:18.372650+00:00,1,J.B.
322,1,JASON,MORRISSEY,JASON.MORRISSEY@sakilacustomer.org,327,True,2020-02-14,2025-04-06 13:10:18.372650+00:00,1,J.M.
223,1,MELINDA,FERNANDEZ,MELINDA.FERNANDEZ@sakilacustomer.org,227,True,2020-02-14,2025-04-06 13:10:18.372650+00:00,1,M.F.
18,2,CAROL,GARCIA,CAROL.GARCIA@sakilacustomer.org,22,True,2020-02-14,2025-04-06 13:10:18.372650+00:00,1,C.G.
300,1,JOHN,FARNSWORTH,JOHN.FARNSWORTH@sakilacustomer.org,305,True,2020-02-14,2025-04-06 13:10:18.372650+00:00,1,J.F.
256,2,MABEL,HOLLAND,MABEL.HOLLAND@sakilacustomer.org,261,True,2020-02-14,2025-04-06 13:10:18.372650+00:00,1,M.H.
306,1,CHARLES,KOWALSKI,CHARLES.KOWALSKI@sakilacustomer.org,311,True,2020-02-14,2025-04-06 13:10:18.372650+00:00,1,C.K.
573,1,BYRON,BOX,BYRON.BOX@sakilacustomer.org,579,True,2020-02-14,2025-04-06 13:10:18.372650+00:00,1,B.B.
191,1,JEANETTE,GREENE,JEANETTE.GREENE@sakilacustomer.org,195,True,2020-02-14,2025-04-06 13:10:18.372650+00:00,1,J.G.
319,2,RONALD,WEINER,RONALD.WEINER@sakilacustomer.org,324,True,2020-02-14,2025-04-06 13:10:18.372650+00:00,1,R.W.
527,1,CORY,MEEHAN,CORY.MEEHAN@sakilacustomer.org,533,True,2020-02-14,2025-04-06 13:10:18.372650+00:00,1,C.M.
272,1,KAY,CALDWELL,KAY.CALDWELL@sakilacustomer.org,277,True,2020-02-14,2025-04-06 13:10:18.372650+00:00,1,K.C.
95,2,PAULA,BRYANT,PAULA.BRYANT@sakilacustomer.org,99,True,2020-02-14,2025-04-06 13:10:18.372650+00:00,1,P.B.
181,2,ANA,BRADLEY,ANA.BRADLEY@sakilacustomer.org,185,True,2020-02-14,2025-04-06 13:10:18.372650+00:00,1,A.B.
332,1,STEPHEN,QUALLS,STEPHEN.QUALLS@sakilacustomer.org,337,True,2020-02-14,2025-04-06 13:10:18.372650+00:00,1,S.Q.
329,2,FRANK,WAGGONER,FRANK.WAGGONER@sakilacustomer.org,334,True,2020-02-14,2025-04-06 13:10:18.372650+00:00,1,F.W.
312,2,MARK,RINEHART,MARK.RINEHART@sakilacustomer.org,317,True,2020-02-14,2025-04-06 13:10:18.372650+00:00,1,M.R.
6,2,JENNIFER,DAVIS,JENNIFER.DAVIS@sakilacustomer.org,10,True,2020-02-14,2025-04-06 13:10:18.372650+00:00,1,J.D.
46,2,CATHERINE,CAMPBELL,CATHERINE.CAMPBELL@sakilacustomer.org,50,True,2020-02-14,2025-04-06 13:10:18.372650+00:00,1,C.C.
399,1,DANNY,ISOM,DANNY.ISOM@sakilacustomer.org,404,True,2020-02-14,2025-04-06 13:10:18.372650+00:00,1,D.I.
576,2,MORRIS,MCCARTER,MORRIS.MCCARTER@sakilacustomer.org,582,True,2020-02-14,2025-04-06 13:10:18.372650+00:00,1,M.M.
469,2,WESLEY,BULL,WESLEY.BULL@sakilacustomer.org,474,True,2020-02-14,2025-04-06 13:10:18.372650+00:00,1,W.B.
17,1,DONNA,THOMPSON,DONNA.THOMPSON@sakilacustomer.org,21,True,2020-02-14,2025-04-06 13:10:18.372650+00:00,1,D.T.
49,2,JOYCE,EDWARDS,JOYCE.EDWARDS@sakilacustomer.org,53,True,2020-02-14,2025-04-06 13:10:18.372650+00:00,1,J.E.
579,2,DARYL,LARUE,DARYL.LARUE@sakilacustomer.org,585,True,2020-02-14,2025-04-06 13:10:18.372650+00:00,1,D.L.
488,2,SHANE,MILLARD,SHANE.MILLARD@sakilacustomer.org,493,True,2020-02-14,2025-04-06 13:10:18.372650+00:00,1,S.M.
4,2,BARBARA,JONES,BARBARA.JONES@sakilacustomer.org,8,True,2020-02-14,2025-04-06 13:10:18.372650+00:00,1,B.J.
487,2,HECTOR,POINDEXTER,HECTOR.POINDEXTER@sakilacustomer.org,492,True,2020-02-14,2025-04-06 13:10:18.372650+00:00,1,H.P.
439,2,ALEXANDER,FENNELL,ALEXANDER.FENNELL@sakilacustomer.org,444,True,2020-02-14,2025-04-06 13:10:18.372650+00:00,1,A.F.
363,2,ROY,WHITING,ROY.WHITING@sakilacustomer.org,368,True,2020-02-14,2025-04-06 13:10:18.372650+00:00,1,R.W.
434,1,EDDIE,TOMLIN,EDDIE.TOMLIN@sakilacustomer.org,439,True,2020-02-14,2025-04-06 13:10:18.372650+00:00,1,E.T.
303,2,WILLIAM,SATTERFIELD,WILLIAM.SATTERFIELD@sakilacustomer.org,308,True,2020-02-14,2025-04-06 13:10:18.372650+00:00,1,W.S.
226,2,MAUREEN,LITTLE,MAUREEN.LITTLE@sakilacustomer.org,230,True,2020-02-14,2025-04-06 13:10:18.372650+00:00,1,M.L.
27,2,SHIRLEY,ALLEN,SHIRLEY.ALLEN@sakilacustomer.org,31,True,2020-02-14,2025-04-06 13:10:18.372650+00:00,1,S.A.
425,2,FRANCIS,SIKES,FRANCIS.SIKES@sakilacustomer.org,430,True,2020-02-14,2025-04-06 13:10:18.372650+00:00,1,F.S.
264,1,GWENDOLYN,MAY,GWENDOLYN.MAY@sakilacustomer.org,269,True,2020-02-14,2025-04-06 13:10:18.372650+00:00,1,G.M.
51,1,ALICE,STEWART,ALICE.STEWART@sakilacustomer.org,55,True,2020-02-14,2025-04-06 13:10:18.372650+00:00,1,A.S.
230,2,JOY,GEORGE,JOY.GEORGE@sakilacustomer.org,234,True,2020-02-14,2025-04-06 13:10:18.372650+00:00,1,J.G.
38,1,MARTHA,GONZALEZ,MARTHA.GONZALEZ@sakilacustomer.org,42,True,2020-02-14,2025-04-06 13:10:18.372650+00:00,1,M.G.
158,1,VERONICA,STONE,VERONICA.STONE@sakilacustomer.org,162,True,2020-02-14,2025-04-06 13:10:18.372650+00:00,1,V.S.
238,1,NELLIE,GARRETT,NELLIE.GARRETT@sakilacustomer.org,242,True,2020-02-14,2025-04-06 13:10:18.372650+00:00,1,N.G.
574,2,JULIAN,VEST,JULIAN.VEST@sakilacustomer.org,580,True,2020-02-14,2025-04-06 13:10:18.372650+00:00,1,J.V.
176,1,JUNE,CARROLL,JUNE.CARROLL@sakilacustomer.org,180,True,2020-02-14,2025-04-06 13:10:18.372650+00:00,1,J.C.
515,1,ANDRE,RAPP,ANDRE.RAPP@sakilacustomer.org,521,True,2020-02-14,2025-04-06 13:10:18.372650+00:00,1,A.R.
358,2,SAMUEL,MARLOW,SAMUEL.MARLOW@sakilacustomer.org,363,True,2020-02-14,2025-04-06 13:10:18.372650+00:00,1,S.M.
195,1,VANESSA,SIMS,VANESSA.SIMS@sakilacustomer.org,199,True,2020-02-14,2025-04-06 13:10:18.372650+00:00,1,V.S.
504,1,NATHANIEL,ADAM,NATHANIEL.ADAM@sakilacustomer.org,509,True,2020-02-14,2025-04-06 13:10:18.372650+00:00,1,N.A.
578,2,WILLARD,LUMPKIN,WILLARD.LUMPKIN@sakilacustomer.org,584,True,2020-02-14,2025-04-06 13:10:18.372650+00:00,1,W.L.
512,1,CECIL,VINES,CECIL.VINES@sakilacustomer.org,517,True,2020-02-14,2025-04-06 13:10:18.372650+00:00,1,C.V.
68,1,NICOLE,PETERSON,NICOLE.PETERSON@sakilacustomer.org,72,True,2020-02-14,2025-04-06 13:10:18.372650+00:00,1,N.P.
320,2,ANTHONY,SCHWAB,ANTHONY.SCHWAB@sakilacustomer.org,325,True,2020-02-14,2025-04-06 13:10:18.372650+00:00,1,A.S.
169,2,ERICA,MATTHEWS,ERICA.MATTHEWS@sakilacustomer.org,173,True,2020-02-14,2025-04-06 13:10:18.372650+00:00,0,E.M.
368,1,HARRY,ARCE,HARRY.ARCE@sakilacustomer.org,373,True,2020-02-14,2025-04-06 13:10:18.372650+00:00,0,H.A.
163,1,CATHY,SPENCER,CATHY.SPENCER@sakilacustomer.org,167,True,2020-02-14,2025-04-06 13:10:18.372650+00:00,1,C.S.
194,2,KRISTEN,CHAVEZ,KRISTEN.CHAVEZ@sakilacustomer.org,198,True,2020-02-14,2025-04-06 13:10:18.372650+00:00,1,K.C.
153,2,SUZANNE,NICHOLS,SUZANNE.NICHOLS@sakilacustomer.org,157,True,2020-02-14,2025-04-06 13:10:18.372650+00:00,1,S.N.
502,1,BRETT,CORNWELL,BRETT.CORNWELL@sakilacustomer.org,507,True,2020-02-14,2025-04-06 13:10:18.372650+00:00,1,B.C.
347,2,RYAN,SALISBURY,RYAN.SALISBURY@sakilacustomer.org,352,True,2020-02-14,2025-04-06 13:10:18.372650+00:00,1,R.S.
486,1,GLEN,TALBERT,GLEN.TALBERT@sakilacustomer.org,491,True,2020-02-14,2025-04-06 13:10:18.372650+00:00,1,G.T.
334,2,RAYMOND,MCWHORTER,RAYMOND.MCWHORTER@sakilacustomer.org,339,True,2020-02-14,2025-04-06 13:10:18.372650+00:00,1,R.M.
104,1,RITA,GRAHAM,RITA.GRAHAM@sakilacustomer.org,108,True,2020-02-14,2025-04-06 13:10:18.372650+00:00,1,R.G.
391,1,CLARENCE,GAMEZ,CLARENCE.GAMEZ@sakilacustomer.org,396,True,2020-02-14,2025-04-06 13:10:18.372650+00:00,1,C.G.
75,2,TAMMY,SANDERS,TAMMY.SANDERS@sakilacustomer.org,79,True,2020-02-14,2025-04-06 13:10:18.372650+00:00,1,T.S.
423,2,ALFRED,CASILLAS,ALFRED.CASILLAS@sakilacustomer.org,428,True,2020-02-14,2025-04-06 13:10:18.372650+00:00,1,A.C.
577,2,CLIFTON,MALCOLM,CLIFTON.MALCOLM@sakilacustomer.org,583,True,2020-02-14,2025-04-06 13:10:18.372650+00:00,1,C.M.
120,2,SYLVIA,ORTIZ,SYLVIA.ORTIZ@sakilacustomer.org,124,True,2020-02-14,2025-04-06 13:10:18.372650+00:00,1,S.O.
397,1,JIMMY,SCHRADER,JIMMY.SCHRADER@sakilacustomer.org,402,True,2020-02-14,2025-04-06 13:10:18.372650+00:00,1,J.S.
410,2,CURTIS,IRBY,CURTIS.IRBY@sakilacustomer.org,415,True,2020-02-14,2025-04-06 13:10:18.372650+00:00,1,C.I.
482,1,MAURICE,CRAWLEY,MAURICE.CRAWLEY@sakilacustomer.org,487,True,2020-02-14,2025-04-06 13:10:18.372650+00:00,0,M.C.
208,1,LUCY,WHEELER,LUCY.WHEELER@sakilacustomer.org,212,True,2020-02-14,2025-04-06 13:10:18.372650+00:00,1,L.W.
335,1,GREGORY,MAULDIN,GREGORY.MAULDIN@sakilacustomer.org,340,True,2020-02-14,2025-04-06 13:10:18.372650+00:00,1,G.M.
353,1,JONATHAN,SCARBOROUGH,JONATHAN.SCARBOROUGH@sakilacustomer.org,358,True,2020-02-14,2025-04-06 13:10:18.372650+00:00,1,J.S.
342,1,HAROLD,MARTINO,HAROLD.MARTINO@sakilacustomer.org,347,True,2020-02-14,2025-04-06 13:10:18.372650+00:00,1,H.M.
405,1,LEONARD,SCHOFIELD,LEONARD.SCHOFIELD@sakilacustomer.org,410,True,2020-02-14,2025-04-06 13:10:18.372650+00:00,1,L.S.
9,2,MARGARET,MOORE,MARGARET.MOORE@sakilacustomer.org,13,True,2020-02-14,2025-04-06 13:10:18.372650+00:00,1,M.M.
378,1,EUGENE,CULPEPPER,EUGENE.CULPEPPER@sakilacustomer.org,383,True,2020-02-14,2025-04-06 13:10:18.372650+00:00,1,E.C.
37,1,PAMELA,BAKER,PAMELA.BAKER@sakilacustomer.org,41,True,2020-02-14,2025-04-06 13:10:18.372650+00:00,1,P.B.
140,1,EVA,RAMOS,EVA.RAMOS@sakilacustomer.org,144,True,2020-02-14,2025-04-06 13:10:18.372650+00:00,1,E.R.
254,2,MAXINE,SILVA,MAXINE.SILVA@sakilacustomer.org,259,True,2020-02-14,2025-04-06 13:10:18.372650+00:00,1,M.S.
304,2,DAVID,ROYAL,DAVID.ROYAL@sakilacustomer.org,309,True,2020-02-14,2025-04-06 13:10:18.372650+00:00,1,D.R.
542,2,LONNIE,TIRADO,LONNIE.TIRADO@sakilacustomer.org,548,True,2020-02-14,2025-04-06 13:10:18.372650+00:00,1,L.T.
60,1,MILDRED,BAILEY,MILDRED.BAILEY@sakilacustomer.org,64,True,2020-02-14,2025-04-06 13:10:18.372650+00:00,1,M.B.
112,2,ROSA,REYNOLDS,ROSA.REYNOLDS@sakilacustomer.org,116,True,2020-02-14,2025-04-06 13:10:18.372650+00:00,1,R.R.
364,1,BENJAMIN,VARNEY,BENJAMIN.VARNEY@sakilacustomer.org,369,True,2020-02-14,2025-04-06 13:10:18.372650+00:00,1,B.V.
355,2,TERRY,GRISSOM,TERRY.GRISSOM@sakilacustomer.org,360,True,2020-02-14,2025-04-06 13:10:18.372650+00:00,1,T.G.
263,1,HILDA,HOPKINS,HILDA.HOPKINS@sakilacustomer.org,268,True,2020-02-14,2025-04-06 13:10:18.372650+00:00,1,H.H.
525,2,ADRIAN,CLARY,ADRIAN.CLARY@sakilacustomer.org,531,True,2020-02-14,2025-04-06 13:10:18.372650+00:00,1,A.C.
298,1,ERIKA,PENA,ERIKA.PENA@sakilacustomer.org,303,True,2020-02-14,2025-04-06 13:10:18.372650+00:00,1,E.P.
151,2,MEGAN,PALMER,MEGAN.PALMER@sakilacustomer.org,155,True,2020-02-14,2025-04-06 13:10:18.372650+00:00,1,M.P.
267,1,MARGIE,WADE,MARGIE.WADE@sakilacustomer.org,272,True,2020-02-14,2025-04-06 13:10:18.372650+00:00,1,M.W.
519,2,RON,DELUCA,RON.DELUCA@sakilacustomer.org,525,True,2020-02-14,2025-04-06 13:10:18.372650+00:00,1,R.D.
530,2,DARRYL,ASHCRAFT,DARRYL.ASHCRAFT@sakilacustomer.org,536,True,2020-02-14,2025-04-06 13:10:18.372650+00:00,1,D.A.
39,1,DEBRA,NELSON,DEBRA.NELSON@sakilacustomer.org,43,True,2020-02-14,2025-04-06 13:10:18.372650+00:00,1,D.N.
432,1,EDWIN,BURK,EDWIN.BURK@sakilacustomer.org,437,True,2020-02-14,2025-04-06 13:10:18.372650+00:00,1,E.B.
308,1,THOMAS,GRIGSBY,THOMAS.GRIGSBY@sakilacustomer.org,313,True,2020-02-14,2025-04-06 13:10:18.372650+00:00,1,T.G.
199,2,BETH,FRANKLIN,BETH.FRANKLIN@sakilacustomer.org,203,True,2020-02-14,2025-04-06 13:10:18.372650+00:00,1,B.F.
356,2,GERALD,FULTZ,GERALD.FULTZ@sakilacustomer.org,361,True,2020-02-14,2025-04-06 13:10:18.372650+00:00,1,G.F.
147,2,JOANNE,ROBERTSON,JOANNE.ROBERTSON@sakilacustomer.org,151,True,2020-02-14,2025-04-06 13:10:18.372650+00:00,1,J.R.
471,1,DEAN,SAUER,DEAN.SAUER@sakilacustomer.org,476,True,2020-02-14,2025-04-06 13:10:18.372650+00:00,1,D.S.
532,2,NEIL,RENNER,NEIL.RENNER@sakilacustomer.org,538,True,2020-02-14,2025-04-06 13:10:18.372650+00:00,1,N.R.
148,1,ELEANOR,HUNT,ELEANOR.HUNT@sakilacustomer.org,152,True,2020-02-14,2025-04-06 13:10:18.372650+00:00,1,E.H.
421,1,LEE,HAWKS,LEE.HAWKS@sakilacustomer.org,426,True,2020-02-14,2025-04-06 13:10:18.372650+00:00,1,L.H.
349,2,JOE,GILLILAND,JOE.GILLILAND@sakilacustomer.org,354,True,2020-02-14,2025-04-06 13:10:18.372650+00:00,1,J.G.
326,1,JOSE,ANDREW,JOSE.ANDREW@sakilacustomer.org,331,True,2020-02-14,2025-04-06 13:10:18.372650+00:00,1,J.A.
514,2,FRANKLIN,TROUTMAN,FRANKLIN.TROUTMAN@sakilacustomer.org,520,True,2020-02-14,2025-04-06 13:10:18.372650+00:00,1,F.T.
124,1,SHEILA,WELLS,SHEILA.WELLS@sakilacustomer.org,128,True,2020-02-14,2025-04-06 13:10:18.372650+00:00,0,S.W.
503,1,ANGEL,BARCLAY,ANGEL.BARCLAY@sakilacustomer.org,508,True,2020-02-14,2025-04-06 13:10:18.372650+00:00,1,A.B.
97,2,ANNIE,RUSSELL,ANNIE.RUSSELL@sakilacustomer.org,101,True,2020-02-14,2025-04-06 13:10:18.372650+00:00,1,A.R.
144,1,CLARA,SHAW,CLARA.SHAW@sakilacustomer.org,148,True,2020-02-14,2025-04-06 13:10:18.372650+00:00,1,C.S.
240,1,MARLENE,WELCH,MARLENE.WELCH@sakilacustomer.org,244,True,2020-02-14,2025-04-06 13:10:18.372650+00:00,1,M.W.
426,1,BRADLEY,MOTLEY,BRADLEY.MOTLEY@sakilacustomer.org,431,True,2020-02-14,2025-04-06 13:10:18.372650+00:00,1,B.M.
98,1,LILLIAN,GRIFFIN,LILLIAN.GRIFFIN@sakilacustomer.org,102,True,2020-02-14,2025-04-06 13:10:18.372650+00:00,1,L.G.
325,1,TIMOTHY,BUNN,TIMOTHY.BUNN@sakilacustomer.org,330,True,2020-02-14,2025-04-06 13:10:18.372650+00:00,1,T.B.
280,2,TRACEY,BARRETT,TRACEY.BARRETT@sakilacustomer.org,285,True,2020-02-14,2025-04-06 13:10:18.372650+00:00,1,T.B.
294,2,SHELLY,WATTS,SHELLY.WATTS@sakilacustomer.org,299,True,2020-02-14,2025-04-06 13:10:18.372650+00:00,1,S.W.
478,1,LEWIS,LYMAN,LEWIS.LYMAN@sakilacustomer.org,483,True,2020-02-14,2025-04-06 13:10:18.372650+00:00,1,L.L.
123,2,SHANNON,FREEMAN,SHANNON.FREEMAN@sakilacustomer.org,127,True,2020-02-14,2025-04-06 13:10:18.372650+00:00,1,S.F.
184,1,VIVIAN,RUIZ,VIVIAN.RUIZ@sakilacustomer.org,188,True,2020-02-14,2025-04-06 13:10:18.372650+00:00,1,V.R.
203,1,TARA,RYAN,TARA.RYAN@sakilacustomer.org,207,True,2020-02-14,2025-04-06 13:10:18.372650+00:00,1,T.R.
324,2,GARY,COY,GARY.COY@sakilacustomer.org,329,True,2020-02-14,2025-04-06 13:10:18.372650+00:00,1,G.C.
247,1,STELLA,MORENO,STELLA.MORENO@sakilacustomer.org,251,True,2020-02-14,2025-04-06 13:10:18.372650+00:00,1,S.M.
513,2,DUANE,TUBBS,DUANE.TUBBS@sakilacustomer.org,519,True,2020-02-14,2025-04-06 13:10:18.372650+00:00,1,D.T.
458,1,LLOYD,DOWD,LLOYD.DOWD@sakilacustomer.org,463,True,2020-02-14,2025-04-06 13:10:18.372650+00:00,1,L.D.
479,1,ZACHARY,HITE,ZACHARY.HITE@sakilacustomer.org,484,True,2020-02-14,2025-04-06 13:10:18.372650+00:00,1,Z.H.
500,1,REGINALD,KINDER,REGINALD.KINDER@sakilacustomer.org,505,True,2020-02-14,2025-04-06 13:10:18.372650+00:00,1,R.K.
529,2,ERIK,GUILLEN,ERIK.GUILLEN@sakilacustomer.org,535,True,2020-02-14,2025-04-06 13:10:18.372650+00:00,1,E.G.
389,1,ALAN,KAHN,ALAN.KAHN@sakilacustomer.org,394,True,2020-02-14,2025-04-06 13:10:18.372650+00:00,1,A.K.
126,1,ELLEN,SIMPSON,ELLEN.SIMPSON@sakilacustomer.org,130,True,2020-02-14,2025-04-06 13:10:18.372650+00:00,1,E.S.
581,1,VIRGIL,WOFFORD,VIRGIL.WOFFORD@sakilacustomer.org,587,True,2020-02-14,2025-04-06 13:10:18.372650+00:00,1,V.W.
224,2,PEARL,GARZA,PEARL.GARZA@sakilacustomer.org,228,True,2020-02-14,2025-04-06 13:10:18.372650+00:00,1,P.G.
343,1,DOUGLAS,GRAF,DOUGLAS.GRAF@sakilacustomer.org,348,True,2020-02-14,2025-04-06 13:10:18.372650+00:00,1,D.G.
54,1,TERESA,ROGERS,TERESA.ROGERS@sakilacustomer.org,58,True,2020-02-14,2025-04-06 13:10:18.372650+00:00,1,T.R.
220,2,CHARLENE,ALVAREZ,CHARLENE.ALVAREZ@sakilacustomer.org,224,True,2020-02-14,2025-04-06 13:10:18.372650+00:00,1,C.A.
130,1,CHARLOTTE,HUNTER,CHARLOTTE.HUNTER@sakilacustomer.org,134,True,2020-02-14,2025-04-06 13:10:18.372650+00:00,1,C.H.
543,1,LANCE,PEMBERTON,LANCE.PEMBERTON@sakilacustomer.org,549,True,2020-02-14,2025-04-06 13:10:18.372650+00:00,1,L.P.
394,2,CHRIS,BROTHERS,CHRIS.BROTHERS@sakilacustomer.org,399,True,2020-02-14,2025-04-06 13:10:18.372650+00:00,1,C.B.
448,1,MIGUEL,BETANCOURT,MIGUEL.BETANCOURT@sakilacustomer.org,453,True,2020-02-14,2025-04-06 13:10:18.372650+00:00,1,M.B.
545,2,JULIO,NOLAND,JULIO.NOLAND@sakilacustomer.org,551,True,2020-02-14,2025-04-06 13:10:18.372650+00:00,1,J.N.
396,1,EARL,SHANKS,EARL.SHANKS@sakilacustomer.org,401,True,2020-02-14,2025-04-06 13:10:18.372650+00:00,1,E.S.
562,1,WALLACE,SLONE,WALLACE.SLONE@sakilacustomer.org,568,True,2020-02-14,2025-04-06 13:10:18.372650+00:00,1,W.S.
403,1,MIKE,WAY,MIKE.WAY@sakilacustomer.org,408,True,2020-02-14,2025-04-06 13:10:18.372650+00:00,1,M.W.
387,2,JESSE,SCHILLING,JESSE.SCHILLING@sakilacustomer.org,392,True,2020-02-14,2025-04-06 13:10:18.372650+00:00,1,J.S.
580,1,ROSS,GREY,ROSS.GREY@sakilacustomer.org,586,True,2020-02-14,2025-04-06 13:10:18.372650+00:00,1,R.G.
295,1,DAISY,BATES,DAISY.BATES@sakilacustomer.org,300,True,2020-02-14,2025-04-06 13:10:18.372650+00:00,1,D.B.
501,1,RUBEN,GEARY,RUBEN.GEARY@sakilacustomer.org,506,True,2020-02-14,2025-04-06 13:10:18.372650+00:00,1,R.G.
483,2,VERNON,CHAPA,VERNON.CHAPA@sakilacustomer.org,488,True,2020-02-14,2025-04-06 13:10:18.372650+00:00,1,V.C.
416,2,JEFFERY,PINSON,JEFFERY.PINSON@sakilacustomer.org,421,True,2020-02-14,2025-04-06 13:10:18.372650+00:00,1,J.P.
113,2,CINDY,FISHER,CINDY.FISHER@sakilacustomer.org,117,True,2020-02-14,2025-04-06 13:10:18.372650+00:00,1,C.F.
180,2,STACY,CUNNINGHAM,STACY.CUNNINGHAM@sakilacustomer.org,184,True,2020-02-14,2025-04-06 13:10:18.372650+00:00,1,S.C.
422,1,MELVIN,ELLINGTON,MELVIN.ELLINGTON@sakilacustomer.org,427,True,2020-02-14,2025-04-06 13:10:18.372650+00:00,1,M.E.
468,1,TIM,CARY,TIM.CARY@sakilacustomer.org,473,True,2020-02-14,2025-04-06 13:10:18.372650+00:00,1,T.C.
450,1,JAY,ROBB,JAY.ROBB@sakilacustomer.org,455,True,2020-02-14,2025-04-06 13:10:18.372650+00:00,1,J.R.
374,2,JEREMY,HURTADO,JEREMY.HURTADO@sakilacustomer.org,379,True,2020-02-14,2025-04-06 13:10:18.372650+00:00,1,J.H.
315,2,KENNETH,GOODEN,KENNETH.GOODEN@sakilacustomer.org,320,True,2020-02-14,2025-04-06 13:10:18.372650+00:00,0,K.G.
152,1,ALICIA,MILLS,ALICIA.MILLS@sakilacustomer.org,156,True,2020-02-14,2025-04-06 13:10:18.372650+00:00,1,A.M.
582,2,ANDY,VANHORN,ANDY.VANHORN@sakilacustomer.org,588,True,2020-02-14,2025-04-06 13:10:18.372650+00:00,1,A.V.
234,1,CLAUDIA,FULLER,CLAUDIA.FULLER@sakilacustomer.org,238,True,2020-02-14,2025-04-06 13:10:18.372650+00:00,1,C.F.
307,2,JOSEPH,JOY,JOSEPH.JOY@sakilacustomer.org,312,True,2020-02-14,2025-04-06 13:10:18.372650+00:00,1,J.J.
549,1,NELSON,CHRISTENSON,NELSON.CHRISTENSON@sakilacustomer.org,555,True,2020-02-14,2025-04-06 13:10:18.372650+00:00,1,N.C.
165,2,LORRAINE,STEPHENS,LORRAINE.STEPHENS@sakilacustomer.org,169,True,2020-02-14,2025-04-06 13:10:18.372650+00:00,1,L.S.
318,1,BRIAN,WYMAN,BRIAN.WYMAN@sakilacustomer.org,323,True,2020-02-14,2025-04-06 13:10:18.372650+00:00,1,B.W.
137,2,RHONDA,KENNEDY,RHONDA.KENNEDY@sakilacustomer.org,141,True,2020-02-14,2025-04-06 13:10:18.372650+00:00,1,R.K.
411,1,NORMAN,CURRIER,NORMAN.CURRIER@sakilacustomer.org,416,True,2020-02-14,2025-04-06 13:10:18.372650+00:00,1,N.C.
198,2,ELSIE,KELLEY,ELSIE.KELLEY@sakilacustomer.org,202,True,2020-02-14,2025-04-06 13:10:18.372650+00:00,1,E.K.
568,2,ALBERTO,HENNING,ALBERTO.HENNING@sakilacustomer.org,574,True,2020-02-14,2025-04-06 13:10:18.372650+00:00,1,A.H.
259,2,LENA,JENSEN,LENA.JENSEN@sakilacustomer.org,264,True,2020-02-14,2025-04-06 13:10:18.372650+00:00,1,L.J.
233,2,LILLIE,KIM,LILLIE.KIM@sakilacustomer.org,237,True,2020-02-14,2025-04-06 13:10:18.372650+00:00,1,L.K.
116,1,VICTORIA,GIBSON,VICTORIA.GIBSON@sakilacustomer.org,120,True,2020-02-14,2025-04-06 13:10:18.372650+00:00,1,V.G.
121,1,JOSEPHINE,GOMEZ,JOSEPHINE.GOMEZ@sakilacustomer.org,125,True,2020-02-14,2025-04-06 13:10:18.372650+00:00,1,J.G.
489,1,RICARDO,MEADOR,RICARDO.MEADOR@sakilacustomer.org,494,True,2020-02-14,2025-04-06 13:10:18.372650+00:00,1,R.M.
377,1,HOWARD,FORTNER,HOWARD.FORTNER@sakilacustomer.org,382,True,2020-02-14,2025-04-06 13:10:18.372650+00:00,1,H.F.
385,1,PHILLIP,HOLM,PHILLIP.HOLM@sakilacustomer.org,390,True,2020-02-14,2025-04-06 13:10:18.372650+00:00,1,P.H.
225,1,ARLENE,HARVEY,ARLENE.HARVEY@sakilacustomer.org,229,True,2020-02-14,2025-04-06 13:10:18.372650+00:00,1,A.H.
567,2,ALFREDO,MCADAMS,ALFREDO.MCADAMS@sakilacustomer.org,573,True,2020-02-14,2025-04-06 13:10:18.372650+00:00,1,A.M.
457,2,BILL,GAVIN,BILL.GAVIN@sakilacustomer.org,462,True,2020-02-14,2025-04-06 13:10:18.372650+00:00,1,B.G.
348,2,ROGER,QUINTANILLA,ROGER.QUINTANILLA@sakilacustomer.org,353,True,2020-02-14,2025-04-06 13:10:18.372650+00:00,1,R.Q.
128,1,MARJORIE,TUCKER,MARJORIE.TUCKER@sakilacustomer.org,132,True,2020-02-14,2025-04-06 13:10:18.372650+00:00,1,M.T.
590,2,SETH,HANNON,SETH.HANNON@sakilacustomer.org,596,True,2020-02-14,2025-04-06 13:10:18.372650+00:00,1,S.H.
286,1,VELMA,LUCAS,VELMA.LUCAS@sakilacustomer.org,291,True,2020-02-14,2025-04-06 13:10:18.372650+00:00,1,V.L.
553,1,MAX,PITT,MAX.PITT@sakilacustomer.org,559,True,2020-02-14,2025-04-06 13:10:18.372650+00:00,1,M.P.
44,1,MARIE,TURNER,MARIE.TURNER@sakilacustomer.org,48,True,2020-02-14,2025-04-06 13:10:18.372650+00:00,1,M.T.
108,1,TRACY,COLE,TRACY.COLE@sakilacustomer.org,112,True,2020-02-14,2025-04-06 13:10:18.372650+00:00,1,T.C.
564,2,BOB,PFEIFFER,BOB.PFEIFFER@sakilacustomer.org,570,True,2020-02-14,2025-04-06 13:10:18.372650+00:00,1,B.P.
445,1,MICHEAL,FORMAN,MICHEAL.FORMAN@sakilacustomer.org,450,True,2020-02-14,2025-04-06 13:10:18.372650+00:00,1,M.F.
134,1,EMMA,BOYD,EMMA.BOYD@sakilacustomer.org,138,True,2020-02-14,2025-04-06 13:10:18.372650+00:00,1,E.B.
496,2,TYLER,WREN,TYLER.WREN@sakilacustomer.org,501,True,2020-02-14,2025-04-06 13:10:18.372650+00:00,1,T.W.
45,1,JANET,PHILLIPS,JANET.PHILLIPS@sakilacustomer.org,49,True,2020-02-14,2025-04-06 13:10:18.372650+00:00,1,J.P.
170,1,BEATRICE,ARNOLD,BEATRICE.ARNOLD@sakilacustomer.org,174,True,2020-02-14,2025-04-06 13:10:18.372650+00:00,1,B.A.
66,2,JANICE,WARD,JANICE.WARD@sakilacustomer.org,70,True,2020-02-14,2025-04-06 13:10:18.372650+00:00,1,J.W.
284,1,SONIA,GREGORY,SONIA.GREGORY@sakilacustomer.org,289,True,2020-02-14,2025-04-06 13:10:18.372650+00:00,1,S.G.
86,2,JACQUELINE,LONG,JACQUELINE.LONG@sakilacustomer.org,90,True,2020-02-14,2025-04-06 13:10:18.372650+00:00,1,J.L.
243,1,LYDIA,BURKE,LYDIA.BURKE@sakilacustomer.org,247,True,2020-02-14,2025-04-06 13:10:18.372650+00:00,1,L.B.
187,2,BRITTANY,RILEY,BRITTANY.RILEY@sakilacustomer.org,191,True,2020-02-14,2025-04-06 13:10:18.372650+00:00,1,B.R.
327,2,LARRY,THRASHER,LARRY.THRASHER@sakilacustomer.org,332,True,2020-02-14,2025-04-06 13:10:18.372650+00:00,1,L.T.
160,2,ERIN,DUNN,ERIN.DUNN@sakilacustomer.org,164,True,2020-02-14,2025-04-06 13:10:18.372650+00:00,1,E.D.
13,2,KAREN,JACKSON,KAREN.JACKSON@sakilacustomer.org,17,True,2020-02-14,2025-04-06 13:10:18.372650+00:00,1,K.J.
36,2,KATHLEEN,ADAMS,KATHLEEN.ADAMS@sakilacustomer.org,40,True,2020-02-14,2025-04-06 13:10:18.372650+00:00,1,K.A.
29,2,ANGELA,HERNANDEZ,ANGELA.HERNANDEZ@sakilacustomer.org,33,True,2020-02-14,2025-04-06 13:10:18.372650+00:00,1,A.H.
171,2,DOLORES,WAGNER,DOLORES.WAGNER@sakilacustomer.org,175,True,2020-02-14,2025-04-06 13:10:18.372650+00:00,1,D.W.
143,1,LESLIE,GORDON,LESLIE.GORDON@sakilacustomer.org,147,True,2020-02-14,2025-04-06 13:10:18.372650+00:00,1,L.G.
237,1,TANYA,GILBERT,TANYA.GILBERT@sakilacustomer.org,241,True,2020-02-14,2025-04-06 13:10:18.372650+00:00,1,T.G.
464,1,JEROME,KENYON,JEROME.KENYON@sakilacustomer.org,469,True,2020-02-14,2025-04-06 13:10:18.372650+00:00,1,J.K.
497,2,GILBERT,SLEDGE,GILBERT.SLEDGE@sakilacustomer.org,502,True,2020-02-14,2025-04-06 13:10:18.372650+00:00,1,G.S.
222,2,DELORES,HANSEN,DELORES.HANSEN@sakilacustomer.org,226,True,2020-02-14,2025-04-06 13:10:18.372650+00:00,1,D.H.
544,2,CODY,NOLEN,CODY.NOLEN@sakilacustomer.org,550,True,2020-02-14,2025-04-06 13:10:18.372650+00:00,1,C.N.
96,1,DIANA,ALEXANDER,DIANA.ALEXANDER@sakilacustomer.org,100,True,2020-02-14,2025-04-06 13:10:18.372650+00:00,1,D.A.
52,1,JULIE,SANCHEZ,JULIE.SANCHEZ@sakilacustomer.org,56,True,2020-02-14,2025-04-06 13:10:18.372650+00:00,1,J.S.
241,2,HEIDI,LARSON,HEIDI.LARSON@sakilacustomer.org,245,True,2020-02-14,2025-04-06 13:10:18.372650+00:00,0,H.L.
508,2,MILTON,HOWLAND,MILTON.HOWLAND@sakilacustomer.org,513,True,2020-02-14,2025-04-06 13:10:18.372650+00:00,1,M.H.
352,1,ALBERT,CROUSE,ALBERT.CROUSE@sakilacustomer.org,357,True,2020-02-14,2025-04-06 13:10:18.372650+00:00,1,A.C.
517,2,BRAD,MCCURDY,BRAD.MCCURDY@sakilacustomer.org,523,True,2020-02-14,2025-04-06 13:10:18.372650+00:00,1,B.M.
179,1,DANA,HART,DANA.HART@sakilacustomer.org,183,True,2020-02-14,2025-04-06 13:10:18.372650+00:00,1,D.H.
461,1,DEREK,BLAKELY,DEREK.BLAKELY@sakilacustomer.org,466,True,2020-02-14,2025-04-06 13:10:18.372650+00:00,1,D.B.
526,2,KARL,SEAL,KARL.SEAL@sakilacustomer.org,532,True,2020-02-14,2025-04-06 13:10:18.372650+00:00,1,K.S.
42,2,CAROLYN,PEREZ,CAROLYN.PEREZ@sakilacustomer.org,46,True,2020-02-14,2025-04-06 13:10:18.372650+00:00,1,C.P.
554,1,DWAYNE,OLVERA,DWAYNE.OLVERA@sakilacustomer.org,560,True,2020-02-14,2025-04-06 13:10:18.372650+00:00,1,D.O.
522,2,ARNOLD,HAVENS,ARNOLD.HAVENS@sakilacustomer.org,528,True,2020-02-14,2025-04-06 13:10:18.372650+00:00,1,A.H.
207,1,GERTRUDE,CASTILLO,GERTRUDE.CASTILLO@sakilacustomer.org,211,True,2020-02-14,2025-04-06 13:10:18.372650+00:00,1,G.C.
393,1,PHILIP,CAUSEY,PHILIP.CAUSEY@sakilacustomer.org,398,True,2020-02-14,2025-04-06 13:10:18.372650+00:00,1,P.C.
283,1,FELICIA,SUTTON,FELICIA.SUTTON@sakilacustomer.org,288,True,2020-02-14,2025-04-06 13:10:18.372650+00:00,1,F.S.
359,2,WILLIE,MARKHAM,WILLIE.MARKHAM@sakilacustomer.org,364,True,2020-02-14,2025-04-06 13:10:18.372650+00:00,1,W.M.
398,1,ANTONIO,MEEK,ANTONIO.MEEK@sakilacustomer.org,403,True,2020-02-14,2025-04-06 13:10:18.372650+00:00,1,A.M.
255,2,IRMA,PEARSON,IRMA.PEARSON@sakilacustomer.org,260,True,2020-02-14,2025-04-06 13:10:18.372650+00:00,1,I.P.
218,1,VERA,MCCOY,VERA.MCCOY@sakilacustomer.org,222,True,2020-02-14,2025-04-06 13:10:18.372650+00:00,1,V.M.
5,1,ELIZABETH,BROWN,ELIZABETH.BROWN@sakilacustomer.org,9,True,2020-02-14,2025-04-06 13:10:18.372650+00:00,1,E.B.
257,2,MARSHA,DOUGLAS,MARSHA.DOUGLAS@sakilacustomer.org,262,True,2020-02-14,2025-04-06 13:10:18.372650+00:00,1,M.D.
566,1,CASEY,MENA,CASEY.MENA@sakilacustomer.org,572,True,2020-02-14,2025-04-06 13:10:18.372650+00:00,1,C.M.
533,1,JESSIE,MILAM,JESSIE.MILAM@sakilacustomer.org,539,True,2020-02-14,2025-04-06 13:10:18.372650+00:00,1,J.M.
431,2,JOEL,FRANCISCO,JOEL.FRANCISCO@sakilacustomer.org,436,True,2020-02-14,2025-04-06 13:10:18.372650+00:00,1,J.F.
101,1,PEGGY,MYERS,PEGGY.MYERS@sakilacustomer.org,105,True,2020-02-14,2025-04-06 13:10:18.372650+00:00,1,P.M.
227,1,COLLEEN,BURTON,COLLEEN.BURTON@sakilacustomer.org,231,True,2020-02-14,2025-04-06 13:10:18.372650+00:00,1,C.B.
449,2,OSCAR,AQUINO,OSCAR.AQUINO@sakilacustomer.org,454,True,2020-02-14,2025-04-06 13:10:18.372650+00:00,1,O.A.
547,1,KURT,EMMONS,KURT.EMMONS@sakilacustomer.org,553,True,2020-02-14,2025-04-06 13:10:18.372650+00:00,1,K.E.
571,2,JOHNNIE,CHISHOLM,JOHNNIE.CHISHOLM@sakilacustomer.org,577,True,2020-02-14,2025-04-06 13:10:18.372650+00:00,1,J.C.
214,1,KRISTIN,JOHNSTON,KRISTIN.JOHNSTON@sakilacustomer.org,218,True,2020-02-14,2025-04-06 13:10:18.372650+00:00,1,K.J.
360,2,RALPH,MADRIGAL,RALPH.MADRIGAL@sakilacustomer.org,365,True,2020-02-14,2025-04-06 13:10:18.372650+00:00,1,R.M.
172,1,BERNICE,WILLIS,BERNICE.WILLIS@sakilacustomer.org,176,True,2020-02-14,2025-04-06 13:10:18.372650+00:00,1,B.W.
99,2,EMILY,DIAZ,EMILY.DIAZ@sakilacustomer.org,103,True,2020-02-14,2025-04-06 13:10:18.372650+00:00,1,E.D.
293,2,MAE,FLETCHER,MAE.FLETCHER@sakilacustomer.org,298,True,2020-02-14,2025-04-06 13:10:18.372650+00:00,1,M.F.
216,1,NATALIE,MEYER,NATALIE.MEYER@sakilacustomer.org,220,True,2020-02-14,2025-04-06 13:10:18.372650+00:00,1,N.M.
62,1,JOAN,COOPER,JOAN.COOPER@sakilacustomer.org,66,True,2020-02-14,2025-04-06 13:10:18.372650+00:00,1,J.C.
407,1,DALE,RATCLIFF,DALE.RATCLIFF@sakilacustomer.org,412,True,2020-02-14,2025-04-06 13:10:18.372650+00:00,1,D.R.
48,1,ANN,EVANS,ANN.EVANS@sakilacustomer.org,52,True,2020-02-14,2025-04-06 13:10:18.372650+00:00,1,A.E.
33,2,ANNA,HILL,ANNA.HILL@sakilacustomer.org,37,True,2020-02-14,2025-04-06 13:10:18.372650+00:00,1,A.H.
418,2,JEFF,EAST,JEFF.EAST@sakilacustomer.org,423,True,2020-02-14,2025-04-06 13:10:18.372650+00:00,1,J.E.
268,1,NINA,SOTO,NINA.SOTO@sakilacustomer.org,273,True,2020-02-14,2025-04-06 13:10:18.372650+00:00,1,N.S.
328,2,JEFFREY,SPEAR,JEFFREY.SPEAR@sakilacustomer.org,333,True,2020-02-14,2025-04-06 13:10:18.372650+00:00,1,J.S.
201,1,VICKI,FIELDS,VICKI.FIELDS@sakilacustomer.org,205,True,2020-02-14,2025-04-06 13:10:18.372650+00:00,1,V.F.
135,2,JUANITA,MASON,JUANITA.MASON@sakilacustomer.org,139,True,2020-02-14,2025-04-06 13:10:18.372650+00:00,1,J.M.
28,1,CYNTHIA,YOUNG,CYNTHIA.YOUNG@sakilacustomer.org,32,True,2020-02-14,2025-04-06 13:10:18.372650+00:00,1,C.Y.
524,1,JARED,ELY,JARED.ELY@sakilacustomer.org,530,True,2020-02-14,2025-04-06 13:10:18.372650+00:00,1,J.E.
506,2,LESLIE,SEWARD,LESLIE.SEWARD@sakilacustomer.org,511,True,2020-02-14,2025-04-06 13:10:18.372650+00:00,1,L.S.
231,1,GEORGIA,JACOBS,GEORGIA.JACOBS@sakilacustomer.org,235,True,2020-02-14,2025-04-06 13:10:18.372650+00:00,1,G.J.
490,1,SAM,MCDUFFIE,SAM.MCDUFFIE@sakilacustomer.org,495,True,2020-02-14,2025-04-06 13:10:18.372650+00:00,1,S.M.
261,1,DEANNA,BYRD,DEANNA.BYRD@sakilacustomer.org,266,True,2020-02-14,2025-04-06 13:10:18.372650+00:00,1,D.B.
379,1,CARLOS,COUGHLIN,CARLOS.COUGHLIN@sakilacustomer.org,384,True,2020-02-14,2025-04-06 13:10:18.372650+00:00,1,C.C.
289,1,VIOLET,RODRIQUEZ,VIOLET.RODRIQUEZ@sakilacustomer.org,294,True,2020-02-14,2025-04-06 13:10:18.372650+00:00,1,V.R.
419,1,CHAD,CARBONE,CHAD.CARBONE@sakilacustomer.org,424,True,2020-02-14,2025-04-06 13:10:18.372650+00:00,1,C.C.
392,2,SEAN,DOUGLASS,SEAN.DOUGLASS@sakilacustomer.org,397,True,2020-02-14,2025-04-06 13:10:18.372650+00:00,1,S.D.
499,2,MARC,OUTLAW,MARC.OUTLAW@sakilacustomer.org,504,True,2020-02-14,2025-04-06 13:10:18.372650+00:00,1,M.O.
139,1,AMBER,DIXON,AMBER.DIXON@sakilacustomer.org,143,True,2020-02-14,2025-04-06 13:10:18.372650+00:00,1,A.D.
63,1,ASHLEY,RICHARDSON,ASHLEY.RICHARDSON@sakilacustomer.org,67,True,2020-02-14,2025-04-06 13:10:18.372650+00:00,1,A.R.
472,1,GREG,ROBINS,GREG.ROBINS@sakilacustomer.org,477,True,2020-02-14,2025-04-06 13:10:18.372650+00:00,1,G.R.
129,1,CARRIE,PORTER,CARRIE.PORTER@sakilacustomer.org,133,True,2020-02-14,2025-04-06 13:10:18.372650+00:00,1,C.P.
583,1,MARSHALL,THORN,MARSHALL.THORN@sakilacustomer.org,589,True,2020-02-14,2025-04-06 13:10:18.372650+00:00,1,M.T.
65,2,ROSE,HOWARD,ROSE.HOWARD@sakilacustomer.org,69,True,2020-02-14,2025-04-06 13:10:18.372650+00:00,1,R.H.
15,1,HELEN,HARRIS,HELEN.HARRIS@sakilacustomer.org,19,True,2020-02-14,2025-04-06 13:10:18.372650+00:00,1,H.H.
157,2,DARLENE,ROSE,DARLENE.ROSE@sakilacustomer.org,161,True,2020-02-14,2025-04-06 13:10:18.372650+00:00,1,D.R.
41,1,STEPHANIE,MITCHELL,STEPHANIE.MITCHELL@sakilacustomer.org,45,True,2020-02-14,2025-04-06 13:10:18.372650+00:00,1,S.M.
493,1,BRENT,HARKINS,BRENT.HARKINS@sakilacustomer.org,498,True,2020-02-14,2025-04-06 13:10:18.372650+00:00,1,B.H.
380,1,RUSSELL,BRINSON,RUSSELL.BRINSON@sakilacustomer.org,385,True,2020-02-14,2025-04-06 13:10:18.372650+00:00,1,R.B.
188,1,MELANIE,ARMSTRONG,MELANIE.ARMSTRONG@sakilacustomer.org,192,True,2020-02-14,2025-04-06 13:10:18.372650+00:00,1,M.A.
217,2,AGNES,BISHOP,AGNES.BISHOP@sakilacustomer.org,221,True,2020-02-14,2025-04-06 13:10:18.372650+00:00,1,A.B.
53,1,HEATHER,MORRIS,HEATHER.MORRIS@sakilacustomer.org,57,True,2020-02-14,2025-04-06 13:10:18.372650+00:00,1,H.M.
338,1,DENNIS,GILMAN,DENNIS.GILMAN@sakilacustomer.org,343,True,2020-02-14,2025-04-06 13:10:18.372650+00:00,1,D.G.
296,2,RAMONA,HALE,RAMONA.HALE@sakilacustomer.org,301,True,2020-02-14,2025-04-06 13:10:18.372650+00:00,1,R.H.
252,2,MATTIE,HOFFMAN,MATTIE.HOFFMAN@sakilacustomer.org,256,True,2020-02-14,2025-04-06 13:10:18.372650+00:00,1,M.H.
462,2,WARREN,SHERROD,WARREN.SHERROD@sakilacustomer.org,467,True,2020-02-14,2025-04-06 13:10:18.372650+00:00,1,W.S.
456,2,RONNIE,RICKETTS,RONNIE.RICKETTS@sakilacustomer.org,461,True,2020-02-14,2025-04-06 13:10:18.372650+00:00,1,R.R.
597,1,FREDDIE,DUGGAN,FREDDIE.DUGGAN@sakilacustomer.org,603,True,2020-02-14,2025-04-06 13:10:18.372650+00:00,1,F.D.
270,1,LEAH,CURTIS,LEAH.CURTIS@sakilacustomer.org,275,True,2020-02-14,2025-04-06 13:10:18.372650+00:00,1,L.C.
202,2,CARLA,GUTIERREZ,CARLA.GUTIERREZ@sakilacustomer.org,206,True,2020-02-14,2025-04-06 13:10:18.372650+00:00,1,C.G.
162,2,LAUREN,HUDSON,LAUREN.HUDSON@sakilacustomer.org,166,True,2020-02-14,2025-04-06 13:10:18.372650+00:00,1,L.H.
402,1,LUIS,YANEZ,LUIS.YANEZ@sakilacustomer.org,407,True,2020-02-14,2025-04-06 13:10:18.372650+00:00,1,L.Y.
477,1,DAN,PAINE,DAN.PAINE@sakilacustomer.org,482,True,2020-02-14,2025-04-06 13:10:18.372650+00:00,1,D.P.
106,1,CONNIE,WALLACE,CONNIE.WALLACE@sakilacustomer.org,110,True,2020-02-14,2025-04-06 13:10:18.372650+00:00,1,C.W.
390,1,SHAWN,HEATON,SHAWN.HEATON@sakilacustomer.org,395,True,2020-02-14,2025-04-06 13:10:18.372650+00:00,1,S.H.
2,1,PATRICIA,JOHNSON,PATRICIA.JOHNSON@sakilacustomer.org,6,True,2020-02-14,2025-04-06 13:10:18.372650+00:00,1,P.J.
558,1,JIMMIE,EGGLESTON,JIMMIE.EGGLESTON@sakilacustomer.org,564,True,2020-02-14,2025-04-06 13:10:18.372650+00:00,0,J.E.
81,1,ANDREA,HENDERSON,ANDREA.HENDERSON@sakilacustomer.org,85,True,2020-02-14,2025-04-06 13:10:18.372650+00:00,1,A.H.
206,1,TERRI,VASQUEZ,TERRI.VASQUEZ@sakilacustomer.org,210,True,2020-02-14,2025-04-06 13:10:18.372650+00:00,1,T.V.
35,2,VIRGINIA,GREEN,VIRGINIA.GREEN@sakilacustomer.org,39,True,2020-02-14,2025-04-06 13:10:18.372650+00:00,1,V.G.
509,1,RAUL,FORTIER,RAUL.FORTIER@sakilacustomer.org,514,True,2020-02-14,2025-04-06 13:10:18.372650+00:00,1,R.F.
428,2,HERBERT,KRUGER,HERBERT.KRUGER@sakilacustomer.org,433,True,2020-02-14,2025-04-06 13:10:18.372650+00:00,1,H.K.
455,2,JON,WILES,JON.WILES@sakilacustomer.org,460,True,2020-02-14,2025-04-06 13:10:18.372650+00:00,1,J.W.
367,1,ADAM,GOOCH,ADAM.GOOCH@sakilacustomer.org,372,True,2020-02-14,2025-04-06 13:10:18.372650+00:00,1,A.G.
92,2,TINA,SIMMONS,TINA.SIMMONS@sakilacustomer.org,96,True,2020-02-14,2025-04-06 13:10:18.372650+00:00,1,T.S.
340,1,PATRICK,NEWSOM,PATRICK.NEWSOM@sakilacustomer.org,345,True,2020-02-14,2025-04-06 13:10:18.372650+00:00,1,P.N.
346,1,ARTHUR,SIMPKINS,ARTHUR.SIMPKINS@sakilacustomer.org,351,True,2020-02-14,2025-04-06 13:10:18.372650+00:00,1,A.S.
242,1,GLENDA,FRAZIER,GLENDA.FRAZIER@sakilacustomer.org,246,True,2020-02-14,2025-04-06 13:10:18.372650+00:00,1,G.F.
14,2,BETTY,WHITE,BETTY.WHITE@sakilacustomer.org,18,True,2020-02-14,2025-04-06 13:10:18.372650+00:00,1,B.W.
316,1,STEVEN,CURLEY,STEVEN.CURLEY@sakilacustomer.org,321,True,2020-02-14,2025-04-06 13:10:18.372650+00:00,1,S.C.
388,2,CRAIG,MORRELL,CRAIG.MORRELL@sakilacustomer.org,393,True,2020-02-14,2025-04-06 13:10:18.372650+00:00,1,C.M.
274,1,NAOMI,JENNINGS,NAOMI.JENNINGS@sakilacustomer.org,279,True,2020-02-14,2025-04-06 13:10:18.372650+00:00,1,N.J.
167,2,SALLY,PIERCE,SALLY.PIERCE@sakilacustomer.org,171,True,2020-02-14,2025-04-06 13:10:18.372650+00:00,1,S.P.
594,1,EDUARDO,HIATT,EDUARDO.HIATT@sakilacustomer.org,600,True,2020-02-14,2025-04-06 13:10:18.372650+00:00,1,E.H.
485,1,CLYDE,TOBIAS,CLYDE.TOBIAS@sakilacustomer.org,490,True,2020-02-14,2025-04-06 13:10:18.372650+00:00,1,C.T.
585,1,PERRY,SWAFFORD,PERRY.SWAFFORD@sakilacustomer.org,591,True,2020-02-14,2025-04-06 13:10:18.372650+00:00,1,P.S.
505,1,RAFAEL,ABNEY,RAFAEL.ABNEY@sakilacustomer.org,510,True,2020-02-14,2025-04-06 13:10:18.372650+00:00,1,R.A.
244,2,VIOLA,HANSON,VIOLA.HANSON@sakilacustomer.org,248,True,2020-02-14,2025-04-06 13:10:18.372650+00:00,1,V.H.
563,2,KEN,PREWITT,KEN.PREWITT@sakilacustomer.org,569,True,2020-02-14,2025-04-06 13:10:18.372650+00:00,1,K.P.
190,2,YOLANDA,WEAVER,YOLANDA.WEAVER@sakilacustomer.org,194,True,2020-02-14,2025-04-06 13:10:18.372650+00:00,1,Y.W.
476,1,DERRICK,BOURQUE,DERRICK.BOURQUE@sakilacustomer.org,481,True,2020-02-14,2025-04-06 13:10:18.372650+00:00,1,D.B.
511,1,CHESTER,BENNER,CHESTER.BENNER@sakilacustomer.org,516,True,2020-02-14,2025-04-06 13:10:18.372650+00:00,1,C.B.
59,1,CHERYL,MURPHY,CHERYL.MURPHY@sakilacustomer.org,63,True,2020-02-14,2025-04-06 13:10:18.372650+00:00,1,C.M.
475,2,PEDRO,CHESTNUT,PEDRO.CHESTNUT@sakilacustomer.org,480,True,2020-02-14,2025-04-06 13:10:18.372650+00:00,1,P.C.
561,2,IAN,STILL,IAN.STILL@sakilacustomer.org,567,True,2020-02-14,2025-04-06 13:10:18.372650+00:00,1,I.S.
253,1,TERRY,CARLSON,TERRY.CARLSON@sakilacustomer.org,258,True,2020-02-14,2025-04-06 13:10:18.372650+00:00,1,T.C.
22,1,LAURA,RODRIGUEZ,LAURA.RODRIGUEZ@sakilacustomer.org,26,True,2020-02-14,2025-04-06 13:10:18.372650+00:00,1,L.R.
314,1,GEORGE,LINTON,GEORGE.LINTON@sakilacustomer.org,319,True,2020-02-14,2025-04-06 13:10:18.372650+00:00,1,G.L.
460,1,LEON,BOSTIC,LEON.BOSTIC@sakilacustomer.org,465,True,2020-02-14,2025-04-06 13:10:18.372650+00:00,1,L.B.
161,1,GERALDINE,PERKINS,GERALDINE.PERKINS@sakilacustomer.org,165,True,2020-02-14,2025-04-06 13:10:18.372650+00:00,1,G.P.
277,2,OLGA,JIMENEZ,OLGA.JIMENEZ@sakilacustomer.org,282,True,2020-02-14,2025-04-06 13:10:18.372650+00:00,1,O.J.
192,1,LAURIE,LAWRENCE,LAURIE.LAWRENCE@sakilacustomer.org,196,True,2020-02-14,2025-04-06 13:10:18.372650+00:00,1,L.L.
386,1,TODD,TAN,TODD.TAN@sakilacustomer.org,391,True,2020-02-14,2025-04-06 13:10:18.372650+00:00,1,T.T.
414,1,VINCENT,RALSTON,VINCENT.RALSTON@sakilacustomer.org,419,True,2020-02-14,2025-04-06 13:10:18.372650+00:00,1,V.R.
492,2,LESTER,KRAUS,LESTER.KRAUS@sakilacustomer.org,497,True,2020-02-14,2025-04-06 13:10:18.372650+00:00,1,L.K.
344,1,HENRY,BILLINGSLEY,HENRY.BILLINGSLEY@sakilacustomer.org,349,True,2020-02-14,2025-04-06 13:10:18.372650+00:00,1,H.B.
309,1,CHRISTOPHER,GRECO,CHRISTOPHER.GRECO@sakilacustomer.org,314,True,2020-02-14,2025-04-06 13:10:18.372650+00:00,1,C.G.
131,2,MONICA,HICKS,MONICA.HICKS@sakilacustomer.org,135,True,2020-02-14,2025-04-06 13:10:18.372650+00:00,1,M.H.
100,1,ROBIN,HAYES,ROBIN.HAYES@sakilacustomer.org,104,True,2020-02-14,2025-04-06 13:10:18.372650+00:00,1,R.H.
373,1,LOUIS,LEONE,LOUIS.LEONE@sakilacustomer.org,378,True,2020-02-14,2025-04-06 13:10:18.372650+00:00,1,L.L.
88,2,BONNIE,HUGHES,BONNIE.HUGHES@sakilacustomer.org,92,True,2020-02-14,2025-04-06 13:10:18.372650+00:00,1,B.H.
459,1,TOMMY,COLLAZO,TOMMY.COLLAZO@sakilacustomer.org,464,True,2020-02-14,2025-04-06 13:10:18.372650+00:00,1,T.C.
331,1,ERIC,ROBERT,ERIC.ROBERT@sakilacustomer.org,336,True,2020-02-14,2025-04-06 13:10:18.372650+00:00,1,E.R.
215,2,JESSIE,BANKS,JESSIE.BANKS@sakilacustomer.org,219,True,2020-02-14,2025-04-06 13:10:18.372650+00:00,1,J.B.
467,2,ALVIN,DELOACH,ALVIN.DELOACH@sakilacustomer.org,472,True,2020-02-14,2025-04-06 13:10:18.372650+00:00,1,A.D.
122,1,THELMA,MURRAY,THELMA.MURRAY@sakilacustomer.org,126,True,2020-02-14,2025-04-06 13:10:18.372650+00:00,1,T.M.
21,1,MICHELLE,CLARK,MICHELLE.CLARK@sakilacustomer.org,25,True,2020-02-14,2025-04-06 13:10:18.372650+00:00,1,M.C.
72,2,THERESA,WATSON,THERESA.WATSON@sakilacustomer.org,76,True,2020-02-14,2025-04-06 13:10:18.372650+00:00,1,T.W.
107,1,FLORENCE,WOODS,FLORENCE.WOODS@sakilacustomer.org,111,True,2020-02-14,2025-04-06 13:10:18.372650+00:00,1,F.W.
271,1,PENNY,NEAL,PENNY.NEAL@sakilacustomer.org,276,True,2020-02-14,2025-04-06 13:10:18.372650+00:00,0,P.N.
436,1,TROY,QUIGLEY,TROY.QUIGLEY@sakilacustomer.org,441,True,2020-02-14,2025-04-06 13:10:18.372650+00:00,1,T.Q.
103,1,GLADYS,HAMILTON,GLADYS.HAMILTON@sakilacustomer.org,107,True,2020-02-14,2025-04-06 13:10:18.372650+00:00,1,G.H.
